Equipment,Users
Computer,"ABC128, ABC128, ABC128, ABC128, ABC128, ABC135, ABC164, ABC185, ABC185, ABC274, ABC274, ABC256, ABC274, ABC274, ABC365, ABC274, ABC274, ABC274, ABC274, ABC274, ABC274, ABC274, ABC274, ABC274, ABC274, ABC479, ABC274, ABC479, ABC479, ABC479, ABC479, ABC479, ABC479, ABC479, ABC215, ABC351, ABC187, ABC526, ABC135, ABC526, ABC457, ABC243"
Charger,"ABC129, ABC129, ABC163, ABC157, ABC191, ABC185, ABC133, ABC223, ABC223, ABC223, ABC223, ABC223, ABC223, ABC223, ABC256, ABC129, ABC277, ABC129, ABC277, ABC274, ABC285, ABC246, ABC274, ABC277, ABC256, ABC302, ABC277, ABC274, ABC274, ABC310, ABC338, ABC338, ABC308, ABC308, ABC277, ABC274, ABC310, ABC338, ABC338, ABC302, ABC277, ABC274, ABC310, ABC290, ABC338, ABC338, ABC302, ABC277, ABC134, ABC390, ABC274, ABC290, ABC310, ABC277, ABC274, ABC274, ABC215, ABC290, ABC274, ABC442, ABC290, ABC302, ABC277, ABC274, ABC139, ABC290, ABC302, ABC392, ABC277, ABC274, ABC302, ABC274, ABC290, ABC274, ABC479, ABC290, ABC288, ABC482, ABC274, ABC277, ABC310, ABC479, ABC310, ABC290, ABC277, ABC479, ABC482, ABC290, ABC277, ABC482, ABC392, ABC290, ABC482, ABC479, ABC290, ABC276, ABC289, ABC195, ABC482, ABC520, ABC277, ABC290, ABC405, ABC515, ABC289, ABC277, ABC290, ABC405, ABC290, ABC548, ABC243, ABC549, ABC361, ABC552, ABC392, ABC277, ABC308, ABC276, ABC290, ABC277, ABC283, ABC290, ABC310, ABC276, ABC277, ABC290, ABC277, ABC290, ABC277, ABC302, ABC310, ABC238, ABC276, ABC277, ABC310, ABC277, ABC276, ABC277, ABC351, ABC351, ABC392, ABC633, ABC277, ABC433, ABC416, ABC277, ABC416, ABC433, ABC277, ABC416, ABC433, ABC277, ABC433, ABC187, ABC526, ABC277, ABC416, ABC433, ABC433, ABC155, ABC277, ABC416, ABC433, ABC416, ABC302, ABC416, ABC416, ABC447, ABC416, ABC416, ABC277, ABC277, ABC416, ABC433, ABC416, ABC433, ABC433, ABC661, ABC433, ABC433, ABC416, ABC416, ABC433, ABC433, ABC433, ABC723, ABC424, ABC139, ABC728, ABC680, ABC526, ABC159, ABC159, ABC747, ABC747, ABC747, ABC416, ABC609, ABC155, ABC416, ABC155, ABC609, ABC752, ABC757, ABC554, ABC554, ABC554, ABC554, ABC399, ABC457, ABC399, ABC197, ABC757, ABC259, ABC243"
Adaptor,"ABC136, ABC144, ABC136, ABC136, ABC162, ABC207, ABC228, ABC155, ABC326, ABC155, ABC155, ABC368, ABC460, ABC368, ABC462, ABC368, ABC368, ABC368, ABC504, ABC503, ABC368, ABC504, ABC503, ABC368, ABC332, ABC368, ABC534, ABC332, ABC468, ABC368, ABC368, ABC268, ABC573, ABC268, ABC368, ABC586, ABC368, ABC586, ABC368, ABC155, ABC543, ABC454, ABC256, ABC256, ABC290, ABC290, ABC661, ABC256, ABC256, ABC256, ABC616, ABC399, ABC135"
Tripods,"ABC155, ABC167, ABC130, ABC171, ABC171, ABC171, ABC171, ABC130, ABC171, ABC171, ABC171, ABC235, ABC235, ABC138, ABC251, ABC138, ABC399, ABC425, ABC436, ABC232, ABC508, ABC469, ABC248, ABC248, ABC681, ABC397, ABC399, ABC517, ABC517, ABC406, ABC406, ABC245, ABC245"
,"ABC144, ABC168, ABC130, ABC130, ABC175, ABC176, ABC213, ABC138, ABC176, ABC140, ABC293, ABC293, ABC176, ABC176, ABC176, ABC175, ABC436, ABC476, ABC476, ABC476, ABC517, ABC517, ABC517, ABC245"
Video Camera,"ABC167, ABC125, ABC125, ABC125, ABC235, ABC138, ABC138, ABC320, ABC325, ABC325, ABC320, ABC399, ABC335, ABC335, ABC248, ABC681, ABC320, ABC397, ABC399, ABC517, ABC517, ABC406, ABC406, ABC406"
Pencil,"ABC172, ABC172, ABC135, ABC140, ABC143, ABC169, ABC350, ABC273, ABC271, ABC271, ABC271, ABC271, ABC271, ABC271, ABC271, ABC271, ABC212, ABC243, ABC351, ABC351, ABC719, ABC719, ABC719, ABC124, ABC124, ABC124, ABC773, ABC773, ABC773, ABC773, ABC773, ABC773, ABC773, ABC773, ABC773, ABC773, ABC762, ABC243, ABC215"
iPad,"ABC172, ABC172, ABC135, ABC135, ABC140, ABC143, ABC169, ABC175, ABC175, ABC175, ABC175, ABC350, ABC273, ABC271, ABC271, ABC271, ABC271, ABC271, ABC271, ABC271, ABC271, ABC212, ABC243, ABC351, ABC351, ABC351, ABC632, ABC719, ABC719, ABC719, ABC719, ABC719, ABC124, ABC124, ABC124, ABC773, ABC773, ABC773, ABC773, ABC773, ABC773, ABC773, ABC773, ABC773, ABC773, ABC762, ABC243, ABC215, ABC215"
Audio Devices,"ABC125, ABC193, ABC171, ABC171, ABC320, ABC325, ABC232, ABC232, ABC272, ABC320, ABC378, ABC378, ABC232, ABC155, ABC272, ABC272, ABC558, ABC248, ABC598, ABC325, ABC598, ABC598, ABC248, ABC248, ABC397, ABC245, ABC245"
MacBook,"ABC135, ABC191, ABC195, ABC133, ABC162, ABC162, ABC133, ABC277, ABC277, ABC277, ABC277, ABC308, ABC277, ABC277, ABC276, ABC277, ABC277, ABC276, ABC422, ABC442, ABC277, ABC276, ABC422, ABC422, ABC276, ABC277, ABC195, ABC422, ABC474, ABC277, ABC276, ABC276, ABC277, ABC277, ABC277, ABC277, ABC283, ABC277, ABC283, ABC277, ABC283, ABC468, ABC283, ABC277, ABC308, ABC283, ABC283, ABC277, ABC283, ABC277, ABC277, ABC535, ABC277, ABC535, ABC277, ABC159, ABC159, ABC277, ABC535, ABC277, ABC633, ABC277, ABC416, ABC277, ABC416, ABC384, ABC203, ABC277, ABC416, ABC277, ABC259, ABC277, ABC416, ABC648, ABC416, ABC416, ABC648, ABC277, ABC416, ABC416, ABC679, ABC416, ABC416, ABC277, ABC416, ABC416, ABC661, ABC694, ABC416, ABC416, ABC661, ABC530, ABC530, ABC294, ABC416, ABC277, ABC294, ABC277, ABC159, ABC159, ABC747, ABC277, ABC747, ABC747, ABC747, ABC215, ABC751, ABC416, ABC609, ABC609, ABC609, ABC609, ABC609, ABC416, ABC609, ABC609, ABC609, ABC609, ABC609, ABC751"
HardDrive,"ABC135, ABC206, ABC335, ABC730, ABC751, ABC245, ABC245"
Miscellaneous,"ABC130, ABC130, ABC235, ABC155, ABC519, ABC187, ABC517, ABC517, ABC565"
Lens,"ABC130, ABC130, ABC213, ABC252, ABC420, ABC388, ABC405, ABC406, ABC388, ABC406, ABC469, ABC475, ABC475, ABC492, ABC487, ABC484, ABC476, ABC487, ABC487, ABC469, ABC542, ABC469, ABC469, ABC159, ABC577, ABC543, ABC439, ABC388, ABC641, ABC388, ABC484, ABC388, ABC484, ABC388, ABC251, ABC388, ABC388, ABC705, ABC705, ABC577, ABC709, ABC705, ABC393, ABC388, ABC245, ABC245, ABC736, ABC739, ABC729, ABC736, ABC739, ABC739, ABC487, ABC768, ABC493, ABC771, ABC245, ABC245, ABC245, ABC245, ABC739, ABC771, ABC493, ABC768, ABC487, ABC487, ABC493, ABC739"
Camera,"ABC130, ABC130, ABC213, ABC420, ABC388, ABC405, ABC406, ABC388, ABC406, ABC475, ABC492, ABC487, ABC476, ABC487, ABC487, ABC542, ABC159, ABC159, ABC577, ABC543, ABC159, ABC159, ABC439, ABC388, ABC641, ABC388, ABC388, ABC388, ABC251, ABC388, ABC388, ABC705, ABC705, ABC577, ABC709, ABC705, ABC393, ABC388, ABC245, ABC736, ABC739, ABC729, ABC736, ABC739, ABC739, ABC487, ABC768, ABC493, ABC476, ABC245, ABC245, ABC245, ABC245, ABC739, ABC493, ABC768, ABC487, ABC493, ABC739, ABC487"
Card Reader,"ABC130, ABC268, ABC268, ABC268, ABC268, ABC272, ABC555, ABC268, ABC268, ABC543, ABC555, ABC475, ABC475, ABC616, ABC406, ABC711"
Speaker Kit,"ABC138, ABC138, ABC138, ABC138, ABC138, ABC138, ABC138, ABC270, ABC270, ABC270, ABC270, ABC429, ABC429, ABC270, ABC270, ABC270, ABC270, ABC270, ABC270, ABC270, ABC270, ABC270, ABC454, ABC454, ABC454, ABC195, ABC195, ABC195, ABC481, ABC481, ABC481, ABC481, ABC481, ABC481, ABC270, ABC481, ABC181, ABC181, ABC270, ABC270, ABC454, ABC454, ABC270, ABC454, ABC270, ABC270, ABC270, ABC270, ABC454, ABC270"
Headphone,"ABC242, ABC242, ABC273, ABC242, ABC402, ABC402, ABC408, ABC408, ABC408, ABC408, ABC408, ABC408, ABC408, ABC408, ABC408, ABC408, ABC408, ABC402, ABC408, ABC408, ABC408, ABC408, ABC408, ABC408, ABC408, ABC408, ABC408, ABC408, ABC408, ABC402, ABC408, ABC408, ABC408, ABC408, ABC408, ABC408, ABC408, ABC408, ABC408, ABC408, ABC408, ABC408, ABC408, ABC408, ABC408, ABC408, ABC408, ABC408, ABC427, ABC402, ABC427, ABC402, ABC402, ABC402, ABC402, ABC402, ABC293"
Tablet,"ABC258, ABC258, ABC258, ABC258"
GoPro,"ABC268, ABC268, ABC268, ABC268, ABC268, ABC393, ABC268, ABC268, ABC268, ABC268, ABC268, ABC268, ABC268, ABC268"
Calculator,"ABC291, ABC331, ABC357, ABC384, ABC304, ABC514, ABC659, ABC208, ABC584"
Webcam,"ABC306, ABC222, ABC427, ABC165, ABC387, ABC427, ABC195, ABC289, ABC387, ABC289, ABC387, ABC406, ABC387"
PPT Clicker,"ABC272, ABC231, ABC506, ABC231, ABC406, ABC406, ABC157"
Mouse,ABC383
Projector,"ABC435, ABC449, ABC449, ABC454, ABC449, ABC448, ABC563, ABC187, ABC449, ABC454, ABC454"
Keyboard,"ABC195, ABC243"
TV,ABC195
Cable,ABC195
iPhone,ABC187
Old MacBook,ABC197
